-- Setting up environment
SET @OLD_UNIQUE_CHECKS=@@UNIQUE_CHECKS, UNIQUE_CHECKS=0;
SET @OLD_FOREIGN_KEY_CHECKS=@@FOREIGN_KEY_CHECKS, FOREIGN_KEY_CHECKS=0;
SET SQL_SAFE_UPDATES=0;

USE `Library_Management_Database`;

-- Table Data --
INSERT INTO Authors (FirstName, LastName, Country) VALUES
('Jane', 'Austen', 'United Kingdom'),
('George', 'Orwell', 'United Kingdom'),
('J.K.', 'Rowling', 'United Kingdom'),
('J.R.R.', 'Tolkien', 'United Kingdom'),
('Agatha', 'Christie', 'United Kingdom'),
('William', 'Shakespeare', 'United Kingdom'),
('Charles', 'Dickens', 'United Kingdom'),
('Mark', 'Twain', 'United States'),
('Ernest', 'Hemingway', 'United States'),
('F. Scott', 'Fitzgerald', 'United States'),
('Harper', 'Lee', 'United States'),
('John', 'Steinbeck', 'United States'),
('Stephen', 'King', 'United States'),
('Margaret', 'Atwood', 'Canada'),
('Toni', 'Morrison', 'United States'),
('Maya', 'Angelou', 'United States'),
('Suzanne', 'Collins', 'United States'),
('Dan', 'Brown', 'United States'),
('John', 'Grisham', 'United States'),
('Michael', 'Crichton', 'United States'),
('Cormac', 'McCarthy', 'United States'),
('Philip', 'K. Dick', 'United States'),
('Isaac', 'Asimov', 'United States'),
('Frank', 'Herbert', 'United States'),
('Arthur', 'C. Clarke', 'United Kingdom'),
('Aldous', 'Huxley', 'United Kingdom'),
('Ray', 'Bradbury', 'United States'),
('H.G.', 'Wells', 'United Kingdom'),
('Leo', 'Tolstoy', 'Russia'),
('Fyodor', 'Dostoevsky', 'Russia'),
('Anton', 'Chekhov', 'Russia'),
('Victor', 'Hugo', 'France'),
('Alexandre', 'Dumas', 'France'),
('Albert', 'Camus', 'France'),
('Gustave', 'Flaubert', 'France'),
('Marcel', 'Proust', 'France'),
('Franz', 'Kafka', 'Czech Republic'),
('Hermann', 'Hesse', 'Germany'),
('Johann', 'Goethe', 'Germany'),
('Gabriel', 'Garcia Marquez', 'Colombia'),
('Paulo', 'Coelho', 'Brazil'),
('Haruki', 'Murakami', 'Japan'),
('Yukio', 'Mishima', 'Japan'),
('Khaled', 'Hosseini', 'Afghanistan'),
('Chimamanda', 'Ngozi Adichie', 'Nigeria'),
('Chinua', 'Achebe', 'Nigeria'),
('N.K.', 'Jemisin', 'United States'),
('Octavia', 'Butler', 'United States'),
('Ursula', 'Le Guin', 'United States'),
('Neil', 'Gaiman', 'United Kingdom'),
('Terry', 'Pratchett', 'United Kingdom'),
('C.S.', 'Lewis', 'United Kingdom'),
('Roald', 'Dahl', 'United Kingdom'),
('Beatrix', 'Potter', 'United Kingdom'),
('Dr.', 'Seuss', 'United States'),
('Judy', 'Blume', 'United States'),
('R.L.', 'Stine', 'United States'),
('Rick', 'Riordan', 'United States'),
('Veronica', 'Roth', 'United States'),
('John', 'Green', 'United States'),
('Suzanne', 'Bennett', 'United States'),
('Colleen', 'Hoover', 'United States'),
('Nicholas', 'Sparks', 'United States'),
('James', 'Patterson', 'United States'),
('Lee', 'Child', 'United Kingdom'),
('Gillian', 'Flynn', 'United States'),
('Paula', 'Hawkins', 'United Kingdom'),
('Louisa', 'May Alcott', 'United States'),
('Mary', 'Shelley', 'United Kingdom'),
('Bram', 'Stoker', 'Ireland'),
('Oscar', 'Wilde', 'Ireland'),
('Emily', 'Dickinson', 'United States'),
('Robert', 'Frost', 'United States'),
('Sylvia', 'Plath', 'United States'),
('Virginia', 'Woolf', 'United Kingdom'),
('James', 'Joyce', 'Ireland'),
('Homer', 'Homer', 'Ancient Greece'),
('Dante', 'Alighieri', 'Italy'),
('Miguel', 'de Cervantes', 'Spain'),
('Herman', 'Melville', 'United States'),
('Nathaniel', 'Hawthorne', 'United States'),
('Ralph', 'Ellison', 'United States'),
('Zora', 'Neale Hurston', 'United States'),
('Alice', 'Walker', 'United States'),
('Kurt', 'Vonnegut', 'United States'),
('Joseph', 'Heller', 'United States'),
('Ken', 'Kesey', 'United States'),
('Vladimir', 'Nabokov', 'Russia'),
('James', 'Baldwin', 'United States'),
('Rumi', 'Rumi', 'Persia'),
('Homer', 'Epic Poet', 'Ancient Greece'),
('Mary', 'Oliver', 'United States'),
('Pablo', 'Neruda', 'Chile'),
('Isabel', 'Allende', 'Chile'),
('Umberto', 'Eco', 'Italy'),
('Italo', 'Calvino', 'Italy'),
('Elena', 'Ferrante', 'Italy'),
('Kazuo', 'Ishiguro', 'United Kingdom'),
('Salman', 'Rushdie', 'India'),
('Arundhati', 'Roy', 'India'),
('Jhumpa', 'Lahiri', 'United States'),
('Roxane', 'Gay', 'United States');

INSERT INTO Publishers (PublisherName, City, Country) VALUES
('Penguin Random House', 'New York', 'United States'),
('HarperCollins', 'New York', 'United States'),
('Simon & Schuster', 'New York', 'United States'),
('Hachette Book Group', 'New York', 'United States'),
('Macmillan Publishers', 'New York', 'United States'),
('Oxford University Press', 'Oxford', 'United Kingdom'),
('Cambridge University Press', 'Cambridge', 'United Kingdom'),
('Scholastic', 'New York', 'United States'),
('Wiley', 'Hoboken', 'United States'),
('McGraw Hill', 'New York', 'United States'),
('Pearson Education', 'London', 'United Kingdom'),
('MIT Press', 'Cambridge', 'United States'),
('Random House', 'New York', 'United States'),
('Vintage Books', 'New York', 'United States'),
('Knopf Doubleday Publishing Group', 'New York', 'United States'),
('Doubleday', 'New York', 'United States'),
('Bantam Books', 'New York', 'United States'),
('Del Rey Books', 'New York', 'United States'),
('Ace Books', 'New York', 'United States'),
('Tor Books', 'New York', 'United States'),
('Orbit Books', 'London', 'United Kingdom'),
('Bloomsbury Publishing', 'London', 'United Kingdom'),
('Faber & Faber', 'London', 'United Kingdom'),
('Canongate Books', 'Edinburgh', 'United Kingdom'),
('Pan Macmillan', 'London', 'United Kingdom'),
('Little, Brown and Company', 'New York', 'United States'),
('Grand Central Publishing', 'New York', 'United States'),
('St. Martin’s Press', 'New York', 'United States'),
('Henry Holt and Company', 'New York', 'United States'),
('Farrar, Straus and Giroux', 'New York', 'United States'),
('Houghton Mifflin Harcourt', 'Boston', 'United States'),
('Grove Atlantic', 'New York', 'United States'),
('Workman Publishing', 'New York', 'United States'),
('Chronicle Books', 'San Francisco', 'United States'),
('W. W. Norton & Company', 'New York', 'United States'),
('Graywolf Press', 'Minneapolis', 'United States'),
('Coffee House Press', 'Minneapolis', 'United States'),
('Ecco Press', 'New York', 'United States'),
('Picador', 'London', 'United Kingdom'),
('Flamingo Books', 'London', 'United Kingdom'),
('Jonathan Cape', 'London', 'United Kingdom'),
('Harcourt', 'San Diego', 'United States'),
('Ballantine Books', 'New York', 'United States'),
('Scribner', 'New York', 'United States'),
('Atria Books', 'New York', 'United States'),
('Crown Publishing Group', 'New York', 'United States'),
('Berkley Books', 'New York', 'United States'),
('Mariner Books', 'Boston', 'United States'),
('Verso Books', 'London', 'United Kingdom'),
('Zondervan', 'Grand Rapids', 'United States');

INSERT INTO Genres (GenreName) VALUES
('Fiction'),
('Non-Fiction'),
('Mystery'),
('Thriller'),
('Science Fiction'),
('Fantasy'),
('Romance'),
('Historical Fiction'),
('Horror'),
('Biography'),
('Autobiography'),
('Memoir'),
('Poetry'),
('Drama'),
('Classic Literature'),
('Adventure'),
('Crime'),
('Young Adult'),
('Children'),
('Self-Help'),
('Psychology'),
('Science'),
('Technology'),
('History'),
('Philosophy'),
('Religion'),
('Travel'),
('Cooking'),
('Health'),
('Business'),
('Economics'),
('Politics'),
('Education'),
('Art'),
('Music'),
('Sports'),
('True Crime'),
('Graphic Novel'),
('Dystopian'),
('Literary Fiction');

INSERT INTO Books (Title, ISBN, PublicationYear, AuthorID, PublisherID, GenreID) VALUES
('Pride and Prejudice','9780141439518',1813,1,1,39),
('1984','9780451524935',1949,2,1,38),
('Harry Potter and the Sorcerers stone','9780590353427',1997,3,2,6),
('The Hobbit','9780547928227',1937,4,1,6),
('Murder on the Orient Express','9780062693662',1934,5,2,3),
('Romeo and Juliet','9780743477116',1597,6,3,14),
('A Christmas Carol','9780141439845',1843,7,1,39),
('Adventures of Huckleberry Finn','9780486280615',1884,8,1,16),
('The Old Man and the Sea','9780684830490',1952,9,3,39),
('The Great Gatsby','9780743273565',1925,10,1,39),
('To Kill a Mockingbird','9780061120084',1960,11,2,39),
('Of Mice and Men','9780140177398',1937,12,1,39),
('The Shining','9780307743657',1977,13,2,9),
('The Handmaid''s Tale','9780385490818',1985,14,1,38),
('Beloved','9781400033416',1987,15,1,39),
('I Know Why the Caged Bird Sings','9780860685110',1969,16,2,12),
('The Hunger Games','9780439023481',2008,17,2,18),
('The Da Vinci Code','9780307474278',2003,18,4,4),
('A Time to Kill','9780441005388',1989,19,3,17),
('Jurassic Park','9780345538987',1990,20,1,5),
('The Road','9780307386458',2006,21,1,39),
('Do Androids Dream of Electric Sheep?','9780345404473',1968,22,4,5),
('Foundation','9780553293357',1951,23,1,5),
('Dune','9780441013593',1965,24,4,5),
('2001: A Space Odyssey','9780451457998',1968,25,3,5),
('Brave New World','9780060850524',1932,26,2,38),
('Fahrenheit 451','9781451678185',1953,27,1,38),
('The Time Machine','9780451528551',1895,28,3,5),
('War and Peace','9780199232765',1869,6,6,39),
('Crime and Punishment','9780143058144',1866,30,1,39),
('Les Misérables','9780451419439',1862,32,1,39),
('The Count of Monte Cristo','9780140449266',1844,33,3,16),
('The Stranger','9780679720201',1942,34,1,39),
('Madame Bovary','9780199535651',1857,35,6,39),
('The Metamorphosis','9780553213690',1915,37,1,39),
('Siddhartha','9780553208849',1922,38,1,39),
('One Hundred Years of Solitude','9780060883287',1967,40,2,39),
('The Alchemist','9780061122415',1988,41,2,39),
('Norwegian Wood','9780375704024',1987,42,1,39),
('The Kite Runner','9781594631931',2003,44,2,39),
('Things Fall Apart','9780385474542',1958,46,1,39),
('The Fifth Season','9780316229296',2015,47,4,5),
('Kindred','9780807083697',1979,48,1,5),
('A Wizard of Earthsea','9780547773742',1968,49,2,6),
('American Gods','9780062572233',2001,50,2,6),
('Good Omens','9780060853983',1990,51,2,6),
('The Lion, the Witch and the Wardrobe','9780064404990',1950,52,2,6),
('Charlie and the Chocolate Factory','9780142410318',1964,53,1,19),
('The Cat in the Hat','9780007413574',1957,54,2,19),
('Are You There God? It''s Me, Margaret','9780385739789',1970,56,2,18),
('Goosebumps: Welcome to Dead House','9780590477437',1992,57,2,9),
('Percy Jackson and the Lightning Thief','9780786838653',2005,58,2,18),
('Divergent','9780062024039',2011,59,2,18),
('The Fault in Our Stars','9780525428028',2012,60,1,7),
('It Ends with Us','9781501110368',2016,62,2,7),
('The Notebook','9780446605236',1996,63,3,7),
('Along Came a Spider','9780446696630',1993,64,4,17),
('Gone Girl','9780553418361',2012,65,2,3),
('The Girl on the Train','9781594633669',2015,66,2,3),
('Little Women','9780147514011',1868,67,1,39),
('Frankenstein','9780394715158',1818,69,3,9),
('Dracula','9780486411095',1897,70,1,9),
('The Picture of Dorian Gray','9780141439570',1890,71,2,39),
('The Odyssey','9780140268867',800,72,6,39),
('The Divine Comedy','9780142437223',1320,77,6,39),
('Don Quixote','9780060934347',1605,78,2,39),
('Moby Dick','9780142437247',1851,79,1,39),
('The Scarlet Letter','9780142437261',1850,80,1,39),
('Invisible Man','9780679732761',1952,82,1,39),
('Their Eyes Were Watching God','9780061120060',1937,83,2,39),
('Slaughterhouse-Five','9780440180296',1969,84,3,39),
('Catch-22','9781451626650',1961,85,3,39),
('One Flew Over the Cuckoo''s Nest','9780451163967',1962,86,1,39),
('Lolita','9780679723165',1955,87,2,39),
('Go Tell It on the Mountain','9780375701870',1953,88,1,39),
('The Bell Jar','9780060837020',1963,89,2,39),
('Mrs Dalloway','9780156628709',1925,90,1,39),
('Ulysses','9780679722762',1922,91,1,39),
('The Essential Rumi','9780062509596',1995,92,2,13),
('Devotions','9781250196728',2017,94,1,13),
('Twenty Love Poems and a Song of Despair','9780811215487',1924,95,3,13),
('The House of the Spirits','9781501117015',1982,96,2,39),
('The Name of the Rose','9780156001311',1980,97,1,3),
('Invisible Cities','9780156453806',1972,98,1,39),
('My Brilliant Friend','9781609450786',2011,99,4,39),
('Never Let Me Go','9781400078776',2005,100,1,39),
('Midnight''s Children','9780812976533',1981,101,2,39),
('The God of Small Things','9780812979657',1997,102,2,39),
('Interpreter of Maladies','9780613774097',1999,103,1,39),
('Bad Feminist','9780062282712',2014,104,2,20);

INSERT INTO Book_Copies (BookID, ShelfLocation, Status, PurchaseDate) VALUES
(1,'FIC-A101','Available','2020-01-15'),
(1,'FIC-A102','Checked Out','2021-03-22'),
(1,'FIC-A103','Available','2022-06-10'),
(2,'FIC-A104','Available','2019-08-05'),
(2,'FIC-A105','Damaged','2023-02-14'),
(3,'FIC-B201','Available','2020-11-19'),
(3,'FIC-B202','Checked Out','2021-05-30'),
(3,'FIC-B203','Available','2024-01-12'),
(4,'FIC-B204','Available','2018-04-21'),
(4,'FIC-B205','Lost','2022-09-18'),
(5,'MYS-C101','Available','2020-07-07'),
(5,'MYS-C102','Checked Out','2023-03-15'),
(6,'CLS-D101','Available','2017-10-01'),
(6,'CLS-D102','Available','2021-12-11'),
(7,'CLS-D103','Checked Out','2019-06-25'),
(7,'CLS-D104','Available','2022-05-09'),
(8,'ADV-E101','Available','2020-02-20'),
(8,'ADV-E102','Available','2023-07-30'),
(9,'FIC-E103','Checked Out','2021-04-16'),
(9,'FIC-E104','Available','2024-02-01'),
(10,'CLS-F101','Available','2018-09-12'),
(10,'CLS-F102','Damaged','2022-11-03'),
(11,'CLS-F103','Available','2020-01-18'),
(12,'CLS-F104','Checked Out','2021-08-24'),
(13,'HOR-G101','Available','2023-05-14'),
(14,'FIC-G102','Available','2022-04-09'),
(15,'FIC-G103','Checked Out','2020-10-30'),
(16,'BIO-H101','Available','2019-02-17'),
(17,'YA-H102','Available','2023-08-22'),
(18,'THR-H103','Checked Out','2021-11-13'),
(19,'CRI-H104','Available','2022-06-18'),
(20,'SCI-I101','Available','2020-12-05'),
(21,'FIC-I102','Checked Out','2021-03-11'),
(22,'SCI-I103','Available','2023-01-08'),
(23,'SCI-I104','Available','2019-07-19'),
(24,'SCI-J101','Checked Out','2022-10-27'),
(25,'SCI-J102','Available','2024-03-03'),
(26,'DYS-J103','Available','2021-09-14'),
(27,'DYS-J104','Checked Out','2020-05-21'),
(28,'SCI-K101','Available','2018-12-12'),
(29,'CLS-K102','Available','2019-04-08'),
(30,'CLS-K103','Damaged','2023-06-20'),
(31,'CLS-K104','Available','2022-08-15'),
(32,'ADV-L101','Checked Out','2021-01-26'),
(33,'FIC-L102','Available','2020-03-17'),
(34,'FIC-L103','Available','2023-11-02'),
(35,'CLS-L104','Checked Out','2024-01-05'),
(36,'FIC-M101','Available','2019-09-13'),
(37,'FIC-M102','Available','2020-06-22'),
(38,'FIC-M103','Checked Out','2022-02-16'),
(39,'FIC-M104','Available','2023-04-27'),
(40,'FIC-N101','Available','2021-07-07'),
(41,'FIC-N102','Checked Out','2020-08-12'),
(42,'FIC-N103','Available','2022-12-19'),
(43,'SCI-N104','Available','2023-09-09'),
(44,'FAN-O101','Checked Out','2021-05-18'),
(45,'FAN-O102','Available','2018-10-10'),
(46,'FAN-O103','Available','2020-04-25'),
(47,'FAN-O104','Checked Out','2022-03-14'),
(48,'CHI-P101','Available','2023-05-19'),
(49,'CHI-P102','Available','2019-11-01'),
(50,'CHI-P103','Damaged','2021-06-06'),
(51,'YA-P104','Available','2022-07-12'),
(52,'YA-Q101','Checked Out','2020-02-02'),
(53,'CHI-Q102','Available','2023-03-08'),
(54,'CHI-Q103','Available','2018-05-29'),
(55,'ROM-Q104','Checked Out','2021-10-17'),
(56,'ROM-R101','Available','2022-01-20'),
(57,'HOR-R102','Available','2020-09-05'),
(58,'YA-R103','Checked Out','2023-07-15'),
(59,'YA-R104','Available','2021-12-03'),
(60,'ROM-S101','Available','2024-02-14'),
(61,'ROM-S102','Checked Out','2020-11-23'),
(62,'ROM-S103','Available','2022-04-18'),
(63,'ROM-S104','Available','2019-01-30'),
(64,'CRI-T101','Checked Out','2021-08-09'),
(65,'THR-T102','Available','2023-06-01'),
(66,'THR-T103','Available','2020-07-16'),
(67,'CLS-T104','Checked Out','2022-09-23'),
(68,'HOR-U101','Available','2021-02-11'),
(69,'HOR-U102','Available','2023-10-10'),
(70,'CLS-U103','Checked Out','2020-04-04'),
(71,'CLS-V101','Available','2022-11-18'),
(72,'CLS-V102','Available','2019-03-21'),
(73,'CLS-V103','Checked Out','2021-05-05'),
(74,'CLS-W101','Available','2023-02-28'),
(75,'CLS-W102','Damaged','2020-12-12'),
(76,'POE-X101','Available','2021-09-09'),
(77,'CLS-X102','Checked Out','2022-06-06'),
(78,'CLS-X103','Available','2018-08-08'),
(79,'CLS-X104','Available','2023-04-04'),
(80,'CLS-Y101','Checked Out','2021-11-11'),
(81,'CLS-Y102','Available','2022-12-12'),
(82,'BIO-Y103','Available','2020-01-01'),
(83,'CLS-Y104','Checked Out','2023-03-03'),
(84,'CLS-Z101','Available','2019-09-09'),
(85,'CLS-Z102','Available','2024-01-01'),
(86,'SCI-Z103','Checked Out','2022-02-02'),
(87,'CLS-Z104','Available','2021-07-07'),
(88,'CLS-AA101','Available','2020-10-10'),
(89,'CLS-AA102','Checked Out','2023-08-08'),
(90,'CLS-AA103','Available','2022-05-05'),
(91,'CLS-AB101','Available','2021-04-04'),
(92,'POE-AB102','Checked Out','2020-06-06'),
(93,'CLS-AB103','Available','2023-09-09'),
(94,'POE-AC101','Available','2022-03-03'),
(95,'POE-AC102','Checked Out','2021-01-01'),
(96,'FIC-AC103','Available','2023-12-12'),
(97,'MYS-AD101','Available','2020-05-05'),
(98,'FIC-AD102','Checked Out','2022-08-08'),
(99,'FIC-AD103','Available','2021-10-10'),
(100,'FIC-AD104','Available','2024-01-15');

INSERT INTO Members (LibraryCardNumber, FirstName, LastName, Email, Phone, MembershipDate) VALUES
('LIB000001','Emma','Johnson','emma.johnson@email.com','651-555-1001','2022-01-15'),
('LIB000002','Liam','Smith','liam.smith@email.com','763-555-1002','2022-02-20'),
('LIB000003','Olivia','Brown','olivia.brown@email.com','612-555-1003','2022-03-11'),
('LIB000004','Noah','Davis','noah.davis@email.com','952-555-1004','2022-04-08'),
('LIB000005','Ava','Wilson','ava.wilson@email.com','507-555-1005','2022-05-19'),
('LIB000006','Ethan','Miller','ethan.miller@email.com','320-555-1006','2022-06-25'),
('LIB000007','Sophia','Moore','sophia.moore@email.com','218-555-1007','2022-07-03'),
('LIB000008','Mason','Taylor','mason.taylor@email.com','612-555-1008','2022-08-14'),
('LIB000009','Isabella','Anderson','isabella.anderson@email.com','651-555-1009','2022-09-22'),
('LIB000010','Lucas','Thomas','lucas.thomas@email.com','763-555-1010','2022-10-30'),
('LIB000011','Mia','Jackson','mia.jackson@email.com','952-555-1011','2023-01-05'),
('LIB000012','James','White','james.white@email.com','507-555-1012','2023-01-18'),
('LIB000013','Charlotte','Harris','charlotte.harris@email.com','320-555-1013','2023-02-10'),
('LIB000014','Benjamin','Martin','benjamin.martin@email.com','218-555-1014','2023-02-28'),
('LIB000015','Amelia','Thompson','amelia.thompson@email.com','612-555-1015','2023-03-12'),
('LIB000016','Henry','Garcia','henry.garcia@email.com','651-555-1016','2023-03-30'),
('LIB000017','Harper','Martinez','harper.martinez@email.com','763-555-1017','2023-04-15'),
('LIB000018','Alexander','Robinson','alex.robinson@email.com','952-555-1018','2023-04-27'),
('LIB000019','Evelyn','Clark','evelyn.clark@email.com','507-555-1019','2023-05-08'),
('LIB000020','Daniel','Rodriguez','daniel.rodriguez@email.com','320-555-1020','2023-05-25'),
('LIB000021','Ella','Lewis','ella.lewis@email.com','218-555-1021','2023-06-01'),
('LIB000022','Matthew','Lee','matthew.lee@email.com','612-555-1022','2023-06-17'),
('LIB000023','Scarlett','Walker','scarlett.walker@email.com','651-555-1023','2023-07-04'),
('LIB000024','Jackson','Hall','jackson.hall@email.com','763-555-1024','2023-07-19'),
('LIB000025','Grace','Allen','grace.allen@email.com','952-555-1025','2023-08-02'),
('LIB000026','Sebastian','Young','sebastian.young@email.com','507-555-1026','2023-08-21'),
('LIB000027','Chloe','Hernandez','chloe.hernandez@email.com','320-555-1027','2023-09-05'),
('LIB000028','Aiden','King','aiden.king@email.com','218-555-1028','2023-09-18'),
('LIB000029','Victoria','Wright','victoria.wright@email.com','612-555-1029','2023-10-01'),
('LIB000030','Samuel','Lopez','samuel.lopez@email.com','651-555-1030','2023-10-20'),
('LIB000031','Riley','Hill','riley.hill@email.com','763-555-1031','2023-11-03'),
('LIB000032','Joseph','Scott','joseph.scott@email.com','952-555-1032','2023-11-19'),
('LIB000033','Lily','Green','lily.green@email.com','507-555-1033','2023-12-01'),
('LIB000034','David','Adams','david.adams@email.com','320-555-1034','2023-12-15'),
('LIB000035','Zoey','Baker','zoey.baker@email.com','218-555-1035','2024-01-05'),
('LIB000036','Carter','Nelson','carter.nelson@email.com','612-555-1036','2024-01-18'),
('LIB000037','Nora','Carter','nora.carter@email.com','651-555-1037','2024-02-02'),
('LIB000038','Owen','Mitchell','owen.mitchell@email.com','763-555-1038','2024-02-20'),
('LIB000039','Hannah','Perez','hannah.perez@email.com','952-555-1039','2024-03-03'),
('LIB000040','Wyatt','Roberts','wyatt.roberts@email.com','507-555-1040','2024-03-19'),
('LIB000041','Layla','Turner','layla.turner@email.com','320-555-1041','2024-04-01'),
('LIB000042','John','Phillips','john.phillips@email.com','218-555-1042','2024-04-17'),
('LIB000043','Aria','Campbell','aria.campbell@email.com','612-555-1043','2024-05-05'),
('LIB000044','Jack','Parker','jack.parker@email.com','651-555-1044','2024-05-22'),
('LIB000045','Ellie','Evans','ellie.evans@email.com','952-555-1045','2024-06-10'),
('LIB000046','Luke','Edwards','luke.edwards@email.com','507-555-1046','2024-06-27'),
('LIB000047','Stella','Collins','stella.collins@email.com','320-555-1047','2024-07-14'),
('LIB000048','Jayden','Stewart','jayden.stewart@email.com','218-555-1048','2024-07-30'),
('LIB000049','Natalie','Sanchez','natalie.sanchez@email.com','612-555-1049','2024-08-11'),
('LIB000050','Dylan','Morris','dylan.morris@email.com','651-555-1050','2024-08-25'),
('LIB000051','Camila','Rogers','camila.rogers@email.com','763-555-1051','2024-09-01'),
('LIB000052','Grayson','Reed','grayson.reed@email.com','952-555-1052','2024-09-15'),
('LIB000053','Penelope','Cook','penelope.cook@email.com','507-555-1053','2024-10-02'),
('LIB000054','Levi','Morgan','levi.morgan@email.com','320-555-1054','2024-10-18'),
('LIB000055','Avery','Bell','avery.bell@email.com','218-555-1055','2024-11-01'),
('LIB000056','Julian','Murphy','julian.murphy@email.com','612-555-1056','2024-11-20'),
('LIB000057','Aurora','Bailey','aurora.bailey@email.com','651-555-1057','2024-12-05'),
('LIB000058','Isaac','Rivera','isaac.rivera@email.com','763-555-1058','2024-12-20'),
('LIB000059','Savannah','Cooper','savannah.cooper@email.com','952-555-1059','2025-01-05'),
('LIB000060','Gabriel','Richardson','gabriel.richardson@email.com','507-555-1060','2025-01-18'),
('LIB000061','Brooklyn','Cox','brooklyn.cox@email.com','320-555-1061','2025-02-01'),
('LIB000062','Anthony','Howard','anthony.howard@email.com','218-555-1062','2025-02-15'),
('LIB000063','Claire','Ward','claire.ward@email.com','612-555-1063','2025-03-01'),
('LIB000064','Christopher','Torres','christopher.torres@email.com','651-555-1064','2025-03-18'),
('LIB000065','Lucy','Peterson','lucy.peterson@email.com','763-555-1065','2025-04-02'),
('LIB000066','Andrew','Gray','andrew.gray@email.com','952-555-1066','2025-04-20'),
('LIB000067','Paisley','Ramirez','paisley.ramirez@email.com','507-555-1067','2025-05-05'),
('LIB000068','Joshua','James','joshua.james@email.com','320-555-1068','2025-05-21'),
('LIB000069','Ruby','Watson','ruby.watson@email.com','218-555-1069','2025-06-03'),
('LIB000070','Nathan','Brooks','nathan.brooks@email.com','612-555-1070','2025-06-18'),
('LIB000071','Alice','Kelly','alice.kelly@email.com','651-555-1071','2025-07-01'),
('LIB000072','Ryan','Sanders','ryan.sanders@email.com','763-555-1072','2025-07-15'),
('LIB000073','Madison','Price','madison.price@email.com','952-555-1073','2025-08-01'),
('LIB000074','Thomas','Bennett','thomas.bennett@email.com','507-555-1074','2025-08-18'),
('LIB000075','Elena','Wood','elena.wood@email.com','320-555-1075','2025-09-02'),
('LIB000076','Charles','Barnes','charles.barnes@email.com','218-555-1076','2025-09-19'),
('LIB000077','Samantha','Ross','samantha.ross@email.com','612-555-1077','2025-10-05'),
('LIB000078','Robert','Henderson','robert.henderson@email.com','651-555-1078','2025-10-21'),
('LIB000079','Katherine','Coleman','katherine.coleman@email.com','763-555-1079','2025-11-08'),
('LIB000080','William','Jenkins','william.jenkins@email.com','952-555-1080','2025-11-25'),
('LIB000081','Hailey','Perry','hailey.perry@email.com','507-555-1081','2025-12-01'),
('LIB000082','Michael','Powell','michael.powell@email.com','320-555-1082','2025-12-10'),
('LIB000083','Leah','Long','leah.long@email.com','218-555-1083','2026-01-05'),
('LIB000084','Aaron','Foster','aaron.foster@email.com','612-555-1084','2026-01-20'),
('LIB000085','Maya','Simmons','maya.simmons@email.com','651-555-1085','2026-02-01'),
('LIB000086','Jonathan','Butler','jonathan.butler@email.com','763-555-1086','2026-02-15'),
('LIB000087','Luna','Gonzales','luna.gonzales@email.com','952-555-1087','2026-03-01'),
('LIB000088','Connor','Hayes','connor.hayes@email.com','507-555-1088','2026-03-15'),
('LIB000089','Sofia','Myers','sofia.myers@email.com','320-555-1089','2026-04-01'),
('LIB000090','Adrian','Ford','adrian.ford@email.com','218-555-1090','2026-04-15'),
('LIB000091','Mila','Hamilton','mila.hamilton@email.com','612-555-1091','2026-05-01'),
('LIB000092','Eva','Hughes','eva.hughes@email.com','651-555-1092','2026-05-15'),
('LIB000093','Isaiah','Griffin','isaiah.griffin@email.com','763-555-1093','2026-06-01'),
('LIB000094','Natalia','Diaz','natalia.diaz@email.com','952-555-1094','2026-06-15'),
('LIB000095','Madeline','Russell','madeline.russell@email.com','507-555-1095','2026-07-01'),
('LIB000096','Elijah','Alexander','elijah.alexander@email.com','320-555-1096','2026-07-15'),
('LIB000097','Anna','Washington','anna.washington@email.com','218-555-1097','2026-08-01'),
('LIB000098','Christopher','Flores','christopher.flores@email.com','612-555-1098','2026-08-15'),
('LIB000099','Maya','Simmons','maya.simmons@email.com','651-555-1099','2026-09-01'),
('LIB000100','Aaron','Foster','aaron.foster@email.com','763-555-1100','2026-09-15');

INSERT INTO Loans (CopyID, MemberID, CheckoutDate, DueDate, ReturnDate) VALUES
(1,12,'2024-01-05','2024-01-19','2024-01-17'),
(2,45,'2024-01-08','2024-01-22','2024-01-25'),
(3,7,'2024-01-12','2024-01-26','2024-01-24'),
(4,23,'2024-01-15','2024-01-29','2024-01-28'),
(5,89,'2024-01-18','2024-02-01',NULL),
(6,34,'2024-02-01','2024-02-15','2024-02-12'),
(7,56,'2024-02-04','2024-02-18','2024-02-20'),
(8,91,'2024-02-07','2024-02-21',NULL),
(9,15,'2024-02-10','2024-02-24','2024-02-22'),
(10,67,'2024-02-13','2024-02-27','2024-02-26'),
(11,3,'2024-03-01','2024-03-15','2024-03-12'),
(12,78,'2024-03-05','2024-03-19',NULL),
(13,41,'2024-03-09','2024-03-23','2024-03-21'),
(14,26,'2024-03-12','2024-03-26','2024-03-27'),
(15,99,'2024-03-15','2024-03-29','2024-03-28'),
(16,54,'2024-04-01','2024-04-15','2024-04-13'),
(17,18,'2024-04-04','2024-04-18',NULL),
(18,72,'2024-04-08','2024-04-22','2024-04-20'),
(19,30,'2024-04-11','2024-04-25','2024-04-24'),
(20,85,'2024-04-14','2024-04-28',NULL),
(21,9,'2024-05-01','2024-05-15','2024-05-12'),
(22,63,'2024-05-03','2024-05-17','2024-05-18'),
(23,47,'2024-05-06','2024-05-20','2024-05-19'),
(24,14,'2024-05-10','2024-05-24',NULL),
(25,95,'2024-05-14','2024-05-28','2024-05-27'),
(26,38,'2024-06-01','2024-06-15','2024-06-13'),
(27,82,'2024-06-04','2024-06-18',NULL),
(28,60,'2024-06-07','2024-06-21','2024-06-19'),
(29,21,'2024-06-10','2024-06-24','2024-06-25'),
(30,73,'2024-06-14','2024-06-28','2024-06-27'),
(31,5,'2024-07-01','2024-07-15','2024-07-14'),
(32,88,'2024-07-05','2024-07-19',NULL),
(33,36,'2024-07-08','2024-07-22','2024-07-20'),
(34,50,'2024-07-12','2024-07-26','2024-07-25'),
(35,16,'2024-07-15','2024-07-29',NULL),
(36,69,'2024-08-01','2024-08-15','2024-08-13'),
(37,11,'2024-08-04','2024-08-18','2024-08-17'),
(38,92,'2024-08-07','2024-08-21',NULL),
(39,25,'2024-08-10','2024-08-24','2024-08-23'),
(40,77,'2024-08-14','2024-08-28','2024-08-27'),
(41,32,'2024-09-01','2024-09-15','2024-09-13'),
(42,66,'2024-09-05','2024-09-19',NULL),
(43,19,'2024-09-08','2024-09-22','2024-09-20'),
(44,81,'2024-09-12','2024-09-26','2024-09-25'),
(45,44,'2024-09-15','2024-09-29',NULL),
(46,58,'2024-10-01','2024-10-15','2024-10-14'),
(47,29,'2024-10-04','2024-10-18','2024-10-17'),
(48,97,'2024-10-08','2024-10-22',NULL),
(49,13,'2024-10-11','2024-10-25','2024-10-24'),
(50,74,'2024-10-15','2024-10-29','2024-10-28'),
(51,14,'2024-11-02','2024-11-16','2024-11-14'),
(52,39,'2024-11-05','2024-11-19',NULL),
(53,72,'2024-11-08','2024-11-22','2024-11-25'),
(54,8,'2024-11-12','2024-11-26','2024-11-24'),
(55,91,'2024-11-15','2024-11-29',NULL),
(56,27,'2024-12-01','2024-12-15','2024-12-13'),
(57,64,'2024-12-04','2024-12-18','2024-12-17'),
(58,18,'2024-12-08','2024-12-22',NULL),
(59,83,'2024-12-11','2024-12-25','2024-12-23'),
(60,46,'2024-12-15','2024-12-29','2024-12-30'),
(61,5,'2025-01-03','2025-01-17','2025-01-15'),
(62,56,'2025-01-06','2025-01-20',NULL),
(63,99,'2025-01-10','2025-01-24','2025-01-22'),
(64,31,'2025-01-13','2025-01-27','2025-01-28'),
(65,77,'2025-01-17','2025-01-31',NULL),
(66,22,'2025-02-01','2025-02-15','2025-02-13'),
(67,68,'2025-02-05','2025-02-19','2025-02-18'),
(68,11,'2025-02-08','2025-02-22',NULL),
(69,94,'2025-02-12','2025-02-26','2025-02-24'),
(70,43,'2025-02-15','2025-03-01','2025-02-28'),
(71,16,'2025-03-02','2025-03-16','2025-03-15'),
(72,87,'2025-03-05','2025-03-19',NULL),
(73,35,'2025-03-09','2025-03-23','2025-03-21'),
(74,62,'2025-03-12','2025-03-26','2025-03-27'),
(75,20,'2025-03-15','2025-03-29',NULL),
(76,48,'2025-04-01','2025-04-15','2025-04-13'),
(77,90,'2025-04-04','2025-04-18','2025-04-19'),
(78,13,'2025-04-08','2025-04-22',NULL),
(79,71,'2025-04-11','2025-04-25','2025-04-23'),
(80,29,'2025-04-15','2025-04-29','2025-04-28'),
(81,54,'2025-05-02','2025-05-16','2025-05-14'),
(82,6,'2025-05-05','2025-05-19',NULL),
(83,96,'2025-05-08','2025-05-22','2025-05-20'),
(84,37,'2025-05-12','2025-05-26','2025-05-27'),
(85,75,'2025-05-15','2025-05-29',NULL),
(86,24,'2025-06-01','2025-06-15','2025-06-14'),
(87,59,'2025-06-04','2025-06-18','2025-06-17'),
(88,81,'2025-06-08','2025-06-22',NULL),
(89,42,'2025-06-11','2025-06-25','2025-06-23'),
(90,100,'2025-06-15','2025-06-29','2025-06-30'),
(91,10,'2025-07-02','2025-07-16','2025-07-14'),
(92,67,'2025-07-05','2025-07-19',NULL),
(93,33,'2025-07-08','2025-07-22','2025-07-21'),
(94,85,'2025-07-12','2025-07-26','2025-07-25'),
(95,51,'2025-07-15','2025-07-29',NULL),
(96,28,'2025-08-01','2025-08-15','2025-08-13'),
(97,73,'2025-08-04','2025-08-18','2025-08-17'),
(98,15,'2025-08-08','2025-08-22',NULL),
(99,66,'2025-08-11','2025-08-25','2025-08-24'),
(100,40,'2025-08-15','2025-08-29','2025-08-28'),
(101,19,'2025-09-01','2025-09-15','2025-09-14'),
(102,88,'2025-09-05','2025-09-19',NULL),
(103,52,'2025-09-08','2025-09-22','2025-09-21'),
(104,30,'2025-09-12','2025-09-26','2025-09-27'),
(105,79,'2025-09-15','2025-09-29',NULL),
(106,4,'2025-10-01','2025-10-15','2025-10-13'),
(107,57,'2025-10-05','2025-10-19','2025-10-18'),
(108,92,'2025-10-08','2025-10-22',NULL),
(109,26,'2025-10-11','2025-10-25','2025-10-24'),
(110,69,'2025-10-15','2025-10-29','2025-10-28'),
(111,12,'2025-11-01','2025-11-15','2025-11-13'),
(112,65,'2025-11-04','2025-11-18',NULL);


INSERT INTO Fines (LoanID, FineAmount, Paid, PaymentDate) VALUES
(2,2.50,TRUE,'2024-01-30'),
(5,4.00,FALSE,NULL),
(7,1.50,TRUE,'2024-02-22'),
(10,3.75,TRUE,'2024-03-01'),
(14,5.25,FALSE,NULL),
(18,2.00,TRUE,'2024-04-25'),
(20,6.50,FALSE,NULL),
(22,3.00,TRUE,'2024-05-20'),
(24,4.50,FALSE,NULL),
(27,7.00,TRUE,'2024-06-25'),
(30,2.25,TRUE,'2024-07-02'),
(32,5.75,FALSE,NULL),
(35,3.50,TRUE,'2024-08-04'),
(38,6.25,FALSE,NULL),
(42,4.00,TRUE,'2024-09-22'),
(45,8.50,FALSE,NULL),
(47,2.75,TRUE,'2024-10-22'),
(50,5.00,FALSE,NULL),
(53,3.25,TRUE,'2024-11-28'),
(57,4.75,FALSE,NULL),
(60,6.00,TRUE,'2025-01-05'),
(62,2.50,FALSE,NULL),
(64,7.25,TRUE,'2025-02-02'),
(67,3.00,FALSE,NULL),
(70,5.50,TRUE,'2025-03-07'),
(72,4.25,FALSE,NULL),
(75,6.75,TRUE,'2025-04-04'),
(77,3.50,FALSE,NULL),
(80,2.25,TRUE,'2025-05-03'),
(82,8.00,FALSE,NULL),
(84,4.50,TRUE,'2025-06-02'),
(87,3.25,FALSE,NULL),
(90,7.50,TRUE,'2025-07-05'),
(92,2.75,FALSE,NULL),
(95,5.25,TRUE,'2025-08-03'),
(97,6.50,FALSE,NULL),
(100,3.75,TRUE,'2025-09-03'),
(102,4.25,FALSE,NULL),
(105,7.00,TRUE,'2025-10-05'),
(108,2.00,FALSE,NULL),
(110,5.75,TRUE,'2025-11-04'),
(112,8.25,FALSE,NULL),
(115,3.50,TRUE,'2025-12-08'),
(118,6.00,FALSE,NULL),
(120,4.75,TRUE,'2026-01-08'),
(122,2.50,FALSE,NULL),
(125,7.25,TRUE,'2026-02-04'),
(127,3.00,FALSE,NULL),
(130,5.50,TRUE,'2026-03-05'),
(133,8.75,FALSE,NULL),
(135,4.00,TRUE,'2026-04-03'),
(138,6.25,FALSE,NULL),
(140,2.75,TRUE,'2026-05-03'),
(143,5.00,FALSE,NULL),
(145,7.50,TRUE,'2026-06-04'),
(148,3.25,FALSE,NULL),
(150,6.75,TRUE,'2026-07-05'),
(12,2.25,TRUE,'2024-03-15'),
(16,4.75,FALSE,NULL),
(25,3.50,TRUE,'2024-06-10'),
(29,6.25,FALSE,NULL),
(33,5.00,TRUE,'2024-07-18'),
(36,2.75,FALSE,NULL),
(41,7.25,TRUE,'2024-09-15'),
(49,4.50,FALSE,NULL),
(55,3.25,TRUE,'2024-12-10'),
(59,8.00,FALSE,NULL),
(63,2.50,TRUE,'2025-02-10'),
(68,5.75,FALSE,NULL),
(73,6.50,TRUE,'2025-03-30'),
(79,4.25,FALSE,NULL),
(83,7.00,TRUE,'2025-05-28'),
(86,3.75,FALSE,NULL),
(91,5.50,TRUE,'2025-07-20'),
(96,8.25,FALSE,NULL),
(101,2.00,TRUE,'2025-09-10'),
(106,6.75,FALSE,NULL),
(111,3.50,TRUE,'2025-11-15'),
(114,5.25,FALSE,NULL),
(119,7.50,TRUE,'2026-01-15'),
(123,4.00,FALSE,NULL),
(126,2.75,TRUE,'2026-02-20'),
(131,6.00,FALSE,NULL),
(134,8.50,TRUE,'2026-03-25'),
(137,3.25,FALSE,NULL),
(141,5.75,TRUE,'2026-05-15'),
(146,7.25,FALSE,NULL),
(15,4.50,TRUE,'2024-04-01'),
(28,3.00,FALSE,NULL),
(39,6.25,TRUE,'2024-08-30'),
(52,2.50,FALSE,NULL),
(61,5.00,TRUE,'2025-01-25'),
(74,7.75,FALSE,NULL),
(89,4.25,TRUE,'2025-06-30'),
(104,8.00,FALSE,NULL),
(117,3.50,TRUE,'2025-12-15'),
(144,6.50,FALSE,NULL),
(6,3.25,TRUE,'2024-02-15'),
(78,5.50,FALSE,NULL),
(149,4.75,TRUE,'2026-07-10');